CompanyNum,CoName
81074, Ahmedabad CRM
81075, Ahmedabad TestB
81104, Infosolutions Inc
79845,"A" Company, Inc.
10072,"A" Plus Cleaning & Restoration, Inc.
27500,"Let Us" Promote Your Image
160,"Q" Street Internists, LLC
27501,"R" Wheels, Inc.
27502,"Ryan Industries, Inc."
12347,$3.99 And Up Clothing
4142,'A' Precision Machining Corporation
59208,'F' Street Corporation
21813,,,,,
21836,.
21897,.
22477,.
22551,.
22585,.
22586,.
22743,.
22756,.
23209,.
66470,.
3335,..
3338,...
22988,.Piper/ Valenti Truck & Equipment Sales
80466,: L & S Small World Daycare
56598,@Audio, Automation & Theater, Inc.
16204,@Last, Luna & Suns Transportation
